{
    "HPParam": {
        "position": {
            "x": 608.0,
            "y": 75.0
        },
        "scale": {
            "x": 0.800000011920929,
            "y": 0.800000011920929
        }
    },
    "HPBoxParam": {
        "position": {
            "x": 650.0,
            "y": 75.0
        },
        "scale": {
            "x": 0.800000011920929,
            "y": 0.800000011920929
        }
    },
    "StaminaParam": {
        "position": {
            "x": 608.0,
            "y": 130.0
        },
        "scale": {
            "x": 0.800000011920929,
            "y": 0.800000011920929
        }
    },
    "StaminaBoxParam": {
        "position": {
            "x": 625.0,
            "y": 130.0
        },
        "scale": {
            "x": 0.800000011920929,
            "y": 0.800000011920929
        }
    },
    "IconParam": {
        "position": {
            "x": 0.0,
            "y": 0.0
        },
        "scale": {
            "x": 0.5,
            "y": 0.5
        }
    }
}